Changes made at Sat Aug  9 05:58:18 UTC 2025
Changes made at Thu Nov 20 14:17:17 UTC 2025
Changes made at Thu Nov 20 16:17:51 UTC 2025
Changes made at Fri Nov 21 08:20:00 UTC 2025
Changes made at Fri Nov 21 10:15:02 UTC 2025
Changes made at Fri Nov 21 14:13:42 UTC 2025
Changes made at Fri Nov 21 16:17:32 UTC 2025
Changes made at Sat Nov 22 08:16:58 UTC 2025
Changes made at Sat Nov 22 10:13:24 UTC 2025
Changes made at Sat Nov 22 14:11:27 UTC 2025
Changes made at Sat Nov 22 16:14:56 UTC 2025
Changes made at Sun Nov 23 08:17:17 UTC 2025
Changes made at Sun Nov 23 10:13:04 UTC 2025
Changes made at Sun Nov 23 14:11:33 UTC 2025
Changes made at Sun Nov 23 16:15:04 UTC 2025
Changes made at Mon Nov 24 08:20:34 UTC 2025
Changes made at Mon Nov 24 10:16:28 UTC 2025
